{"cameraMode":{"drawMode":0,"name":"Shaded","section":"Shading Mode"},"sceneLighting":true,"audioPlay":false,"sceneViewState":{"showFog":true,"showMaterialUpdate":false,"showSkybox":true,"showFlares":true,"showImageEffects":true,"showParticleSystems":true,"showVisualEffectGraphs":true,"m_FxEnabled":true},"in2DMode":false,"pivot":{"x":33.86652755737305,"y":-600.8901977539063,"z":1348.117919921875},"rotation":{"x":0.23795902729034425,"y":0.011697766371071339,"z":-0.0026576046366244556,"w":0.971071183681488},"size":1062.680419921875,"orthographic":false}