{"cameraMode":{"drawMode":0,"name":"Shaded","section":"Shading Mode"},"sceneLighting":true,"audioPlay":false,"sceneViewState":{"showFog":true,"showMaterialUpdate":false,"showSkybox":true,"showFlares":true,"showImageEffects":true,"showParticleSystems":true,"showVisualEffectGraphs":true,"m_FxEnabled":true},"in2DMode":false,"pivot":{"x":2562.138916015625,"y":35.777923583984378,"z":160.5873260498047},"rotation":{"x":0.19984236359596253,"y":0.029173951596021653,"z":-0.005447581876069307,"w":0.9791961908340454},"size":176.59384155273438,"orthographic":false}